user_id,group
44965,control
44967,control
44968,control
44969,treatment
44970,control
44971,treatment
44973,control
44975,control
44977,control
44978,treatment
44979,treatment
44980,control
44981,treatment
44983,control
44984,treatment
44985,control
44986,treatment
44987,treatment
44988,treatment
44989,control
44990,treatment
44991,control
44992,treatment
44993,treatment
44994,control
44996,control
44998,control
45000,treatment
45001,control
45002,treatment
45003,treatment
45004,treatment
45005,control
45006,treatment
45007,treatment
45008,treatment
45009,control
45010,treatment
45011,treatment
45013,treatment
45014,control
45016,control
45017,control
45018,control
45020,treatment
45021,treatment
45022,control
45023,control
45024,control
45026,treatment
45027,control
45028,treatment
45030,treatment
45031,treatment
45032,treatment
45033,control
45035,control
45036,treatment
45040,treatment
45041,treatment
45042,treatment
45043,control
45044,treatment
45045,treatment
45046,treatment
45047,treatment
45048,treatment
45049,treatment
45050,treatment
45051,control
45052,treatment
45053,control
45055,control
45056,control
45059,control
45060,treatment
45062,control
45063,control
45064,control
45065,treatment
45066,treatment
45069,control
45072,treatment
45073,treatment
45075,control
45076,control
45077,treatment
45079,control
45080,treatment
45081,treatment
45083,control
45084,treatment
45085,treatment
45087,control
45088,treatment
45089,treatment
45090,treatment
45091,control
45093,control
45094,treatment
45096,control
45098,treatment
45100,treatment
45101,treatment
45102,treatment
45103,control
45104,treatment
45106,control
45107,control
45108,control
45109,control
45110,control
45112,control
45113,control
45114,treatment
45115,treatment
45116,treatment
45117,treatment
45119,treatment
45121,control
45122,control
45123,control
45124,treatment
45125,treatment
45126,control
45128,control
45129,treatment
45130,treatment
45131,control
45135,treatment
45136,control
45137,control
45139,treatment
45140,treatment
45141,control
45142,treatment
45143,control
45145,control
45149,treatment
45150,treatment
45151,control
45152,control
45153,treatment
45157,treatment
45158,control
45159,control
45160,control
45161,control
45162,treatment
45164,control
45165,treatment
45166,treatment
45167,treatment
45168,control
45169,treatment
45170,treatment
45171,control
45175,treatment
45176,treatment
45177,control
45179,treatment
45181,control
45183,control
45184,control
45186,control
45187,control
45189,control
45191,treatment
45193,control
45194,treatment
45195,treatment
45196,control
45197,control
45200,treatment
45202,treatment
45203,treatment
45204,control
45207,treatment
45208,control
45209,control
45211,control
45214,treatment
45215,control
45216,treatment
45217,control
45219,control
45220,control
45221,control
45222,treatment
45223,treatment
45224,treatment
45225,treatment
45226,control
45227,treatment
45231,treatment
45233,control
45237,control
45239,control
45240,treatment
45241,treatment
45242,control
45243,treatment
45246,control
45247,control
45248,control
45249,control
45250,treatment
45252,treatment
45253,treatment
45256,treatment
45258,treatment
45259,control
45260,control
45261,treatment
45262,control
45263,treatment
45264,control
45265,treatment
45266,treatment
45268,treatment
45269,treatment
45270,treatment
45271,treatment
45272,treatment
45274,control
45275,treatment
45277,treatment
45281,treatment
45282,treatment
45283,control
45284,treatment
45285,treatment
45286,control
45287,treatment
45288,control
45289,control
45291,treatment
45293,control
45294,control
45295,treatment
45297,control
45300,treatment
45302,treatment
45305,control
45306,control
45307,treatment
45309,treatment
45310,control
45312,control
45314,treatment
45315,treatment
45316,treatment
45317,treatment
45319,treatment
45321,treatment
45323,control
45324,control
45325,treatment
45326,treatment
45327,control
45330,treatment
45331,control
45332,treatment
45334,treatment
45337,control
45338,control
45339,control
45341,control
45342,control
45343,treatment
45344,treatment
45345,treatment
45346,control
45347,treatment
45348,treatment
45349,control
45352,treatment
45353,control
45354,treatment
45355,treatment
45356,control
45357,control
45358,control
45359,treatment
45362,control
45363,treatment
45364,control
45365,treatment
45366,control
45367,treatment
45368,treatment
45369,treatment
45370,control
45372,treatment
45374,control
45376,control
45377,treatment
45378,treatment
45379,treatment
45380,control
45382,treatment
45385,treatment
45386,control
45387,treatment
45388,control
45389,control
45390,control
45391,treatment
45392,treatment
45393,treatment
45394,control
45395,control
45397,treatment
45398,control
45399,treatment
45400,treatment
45401,control
45402,treatment
45403,control
45404,control
45405,control
45406,treatment
45407,control
45408,control
45409,control
45410,control
45411,treatment
45413,treatment
45414,treatment
45416,control
45417,control
45418,treatment
45419,control
45420,treatment
45421,control
45423,control
45424,control
45426,control
45428,control
45429,control
45430,control
45431,control
45432,control
45433,control
45435,treatment
45436,control
45437,control
45439,treatment
45441,treatment
45442,treatment
45443,control
45444,treatment
45446,treatment
45448,control
45451,control
45452,treatment
45453,control
45454,treatment
45455,control
45458,treatment
45459,control
45461,control
45462,control
45465,control
45466,treatment
45467,control
45468,control
45469,treatment
45470,treatment
45471,treatment
45472,treatment
45473,control
45474,treatment
45476,treatment
45477,treatment
45478,treatment
45480,treatment
45481,treatment
45486,treatment
45487,treatment
45488,control
45489,treatment
45490,treatment
45491,treatment
45492,control
45493,treatment
45495,treatment
45496,treatment
45497,treatment
45498,control
45500,treatment
45503,treatment
45504,treatment
45506,control
45507,treatment
45508,control
45509,control
45511,treatment
45512,treatment
45513,treatment
45514,control
45515,control
45517,treatment
45518,treatment
45519,control
45520,treatment
45521,treatment
45522,control
45524,treatment
45525,control
45526,control
45527,control
45528,control
45529,control
45530,control
45531,control
45532,treatment
45534,treatment
45536,control
45537,control
45538,treatment
45539,control
45541,treatment
45542,control
45543,treatment
45545,control
45546,control
45547,treatment
45549,control
45551,control
45552,control
45553,control
45554,control
45555,treatment
45556,treatment
45557,treatment
45558,treatment
45559,control
45560,control
45561,treatment
45562,treatment
45563,treatment
45564,control
45565,control
45566,control
45567,control
45568,control
45571,treatment
45572,treatment
45573,treatment
45575,control
45577,treatment
45578,control
45579,treatment
45580,control
45581,control
45582,treatment
45583,treatment
45584,control
45585,treatment
45587,treatment
45588,treatment
45589,treatment
45590,treatment
45591,treatment
45593,control
45594,control
45595,control
45596,treatment
45597,treatment
45599,treatment
45600,treatment
45601,treatment
45602,control
45603,control
45606,control
45607,treatment
45608,control
45610,treatment
45611,control
45615,treatment
45616,treatment
45618,treatment
45619,control
45620,control
45622,treatment
45623,treatment
45624,treatment
45625,control
45626,control
45628,treatment
45629,control
45630,control
45631,treatment
45632,control
45633,treatment
45635,control
45636,control
45637,treatment
45639,control
45640,treatment
45641,treatment
45642,treatment
45643,treatment
45644,treatment
45645,control
45646,treatment
45648,control
45651,control
45653,treatment
45654,treatment
45655,treatment
45657,treatment
45659,treatment
45661,control
45662,treatment
45663,control
45664,treatment
45666,treatment
45667,treatment
45668,treatment
45670,treatment
45671,control
45673,control
45674,control
45675,treatment
45676,control
45677,treatment
45678,treatment
45680,control
45681,control
45683,treatment
45685,treatment
45686,treatment
45687,control
45688,control
45689,treatment
45690,control
45691,treatment
45692,treatment
45694,treatment
45696,control
45697,treatment
45698,control
45699,control
45701,control
45702,control
45703,treatment
45706,control
45708,control
45709,treatment
45710,control
45712,treatment
45713,control
45715,control
45716,treatment
45717,treatment
45718,treatment
45719,treatment
45720,control
45722,treatment
45723,control
45724,control
45727,control
45728,treatment
45729,control
45730,control
45731,treatment
45732,treatment
45733,control
45736,control
45737,control
45738,control
45739,control
45740,treatment
45741,treatment
45743,treatment
45744,treatment
45747,treatment
45748,control
45749,treatment
45750,treatment
45751,control
45752,control
45753,control
45754,control
45755,control
45757,control
45758,treatment
45759,control
45761,treatment
45762,treatment
45763,control
45764,control
45766,control
45767,treatment
45768,treatment
45769,treatment
45770,treatment
45771,treatment
45772,treatment
45774,control
45775,treatment
45776,treatment
45777,control
45778,treatment
45779,control
45780,control
45781,control
45782,treatment
45783,control
45784,treatment
45785,control
45786,treatment
45787,control
45788,control
45790,control
45793,control
45794,treatment
45795,treatment
45797,treatment
45801,treatment
45802,control
45803,control
45804,control
45805,treatment
45806,treatment
45807,treatment
45809,control
45810,control
45811,treatment
45812,control
45813,treatment
45814,treatment
45815,treatment
45817,control
45820,treatment
45821,treatment
45822,treatment
45823,control
45824,control
45826,treatment
45827,control
45828,treatment
45829,control
45830,control
45831,control
45832,control
45833,treatment
45834,treatment
45836,treatment
45837,control
45838,treatment
45843,treatment
45844,control
45845,control
45846,control
45847,control
45848,treatment
45849,treatment
45850,treatment
45851,treatment
45853,control
45854,treatment
45855,treatment
45856,treatment
45857,control
45858,control
45861,treatment
45862,control
45863,treatment
45864,control
45865,control
45866,treatment
45868,control
45869,control
45870,control
45871,treatment
45872,treatment
45873,control
45874,control
45876,control
45879,control
45880,control
45881,control
45882,control
45883,treatment
45885,control
45886,treatment
45887,treatment
45888,control
45889,control
45890,treatment
45891,treatment
45893,control
45894,control
45895,treatment
45897,control
45898,control
45899,treatment
45901,control
45904,treatment
45905,treatment
45907,treatment
45908,control
45909,treatment
45910,treatment
45912,control
45913,treatment
45914,control
45916,control
45917,control
45918,treatment
45919,control
45920,control
45922,treatment
45923,treatment
45925,control
45926,treatment
45928,control
45929,treatment
45930,control
45931,treatment
45932,treatment
45933,control
45934,control
45935,control
45937,treatment
45938,treatment
45939,control
45941,control
45942,treatment
45945,treatment
45946,control
45949,treatment
45950,control
45951,treatment
45952,control
45953,treatment
45955,control
45956,control
45959,control
45961,treatment
45963,treatment
45964,treatment
45965,treatment
45967,treatment
45968,control
45969,control
45970,control
45971,treatment
45972,treatment
45973,control
45974,treatment
45975,control
45976,treatment
45978,treatment
45979,control
45980,treatment
45981,control
45982,control
45983,treatment
45984,treatment
45985,treatment
45986,treatment
45987,treatment
45988,treatment
45989,treatment
45990,treatment
45991,treatment
45992,treatment
45993,treatment
45996,treatment
45999,treatment
46000,treatment
46001,control
46002,control
46003,control
46005,control
46007,control
46009,control
46010,control
46011,treatment
46012,treatment
46013,control
46014,control
46015,treatment
46016,control
46017,treatment
46018,control
46019,treatment
46021,control
46022,control
46023,treatment
46024,control
46025,control
46026,control
46027,treatment
46028,treatment
46031,treatment
46033,treatment
46034,treatment
46035,treatment
46037,control
46038,control
46039,treatment
46040,control
46041,treatment
46043,control
46044,control
46045,treatment
46049,treatment
46051,control
46052,treatment
46054,control
46055,treatment
46056,treatment
46057,treatment
46058,treatment
46059,treatment
46060,control
46062,treatment
46063,control
46064,treatment
46065,control
46067,control
46068,control
46069,treatment
46071,control
46072,control
46073,control
46076,control
46077,control
46079,treatment
46080,control
46081,treatment
46082,treatment
46083,control
46084,treatment
46085,control
46086,control
46087,control
46088,treatment
46089,treatment
46090,control
46091,control
46092,control
46093,control
46094,treatment
46095,treatment
46096,control
46098,treatment
46099,treatment
46100,control
46101,control
46102,control
46103,treatment
46105,control
46106,control
46107,control
46109,control
46114,treatment
46115,control
46116,control
46117,treatment
46118,treatment
46120,control
46121,treatment
46124,treatment
46125,treatment
46126,control
46127,control
46128,treatment
46130,control
46131,control
46132,treatment
46133,treatment
46134,treatment
46136,control
46139,control
46140,treatment
46141,control
46142,control
46145,control
46146,control
46147,treatment
46148,treatment
46149,treatment
46150,control
46151,treatment
46152,treatment
46154,treatment
46155,treatment
46156,control
46157,control
46158,treatment
46159,control
46160,treatment
46162,control
46163,control
46164,control
46165,treatment
46166,control
46167,control
46168,treatment
46169,control
46170,treatment
46171,control
46172,control
46175,treatment
46176,treatment
46177,control
46178,treatment
46179,control
46180,treatment
46181,treatment
46182,control
46184,control
46185,treatment
46187,treatment
46188,treatment
46189,treatment
46191,treatment
46192,control
46193,treatment
46194,control
46195,control
46196,treatment
46197,treatment
46198,treatment
46199,treatment
46200,treatment
46201,control
46202,control
46203,treatment
46205,control
46208,treatment
46209,control
46210,control
46211,treatment
46212,control
46213,control
46214,treatment
46215,control
46217,control
46218,control
46221,control
46222,control
46224,control
46225,treatment
46226,control
46227,control
46228,treatment
46229,control
46230,control
46232,treatment
46233,treatment
46234,treatment
46235,treatment
46236,treatment
46237,control
46238,treatment
46241,control
46242,control
46243,control
46244,control
46245,control
46246,treatment
46247,control
46248,treatment
46249,treatment
46250,treatment
46251,control
46252,treatment
46253,treatment
46254,treatment
46255,control
46256,control
46257,control
46258,control
46259,control
46260,treatment
46262,control
46263,treatment
46264,control
46265,control
46267,treatment
46268,treatment
46269,control
46270,control
46271,treatment
46272,treatment
46274,treatment
46275,control
46276,control
46277,treatment
46278,treatment
46279,treatment
46280,treatment
46281,treatment
46282,control
46283,treatment
46284,treatment
46286,control
46287,treatment
46288,control
46290,control
46291,control
46292,control
46293,treatment
46294,treatment
46295,treatment
46296,treatment
46297,control
46298,treatment
46299,treatment
46300,control
46301,control
46302,control
46303,control
46304,treatment
46305,control
46306,treatment
46307,control
46308,treatment
46310,treatment
46311,treatment
46313,control
46314,control
46316,control
46317,treatment
46318,control
46319,control
46320,treatment
46321,control
46322,treatment
46325,control
46326,treatment
46327,control
46331,control
46332,control
46333,control
46334,treatment
46336,control
46337,treatment
46340,control
46341,control
46342,treatment
46343,control
46344,control
46345,control
46346,treatment
46347,control
46349,treatment
46350,treatment
46352,control
46353,control
46354,treatment
46357,control
46358,treatment
46359,treatment
46361,treatment
46363,treatment
46364,treatment
46366,control
46368,treatment
46369,treatment
46370,treatment
46371,treatment
46372,treatment
46374,treatment
46375,control
46376,treatment
46377,treatment
46378,control
46379,treatment
46381,treatment
46382,control
46385,treatment
46386,treatment
46389,treatment
46390,control
46392,treatment
46393,treatment
46394,control
46395,treatment
46396,treatment
46397,control
46398,treatment
46399,treatment
46400,control
46401,treatment
46402,treatment
46403,control
46404,control
46405,control
46407,control
46408,treatment
46409,control
46411,control
46414,control
46415,treatment
46419,control
46420,treatment
46421,control
46422,treatment
46423,treatment
46424,treatment
46425,control
46426,treatment
46427,treatment
46428,control
46429,control
46430,control
46431,control
46433,treatment
46434,treatment
46435,treatment
46437,control
46441,control
46442,treatment
46443,control
46446,treatment
46448,treatment
46449,treatment
46450,treatment
46451,control
46452,control
46453,treatment
46454,treatment
46456,control
46457,control
46458,control
46460,control
46462,control
46463,control
46464,treatment
46465,treatment
46466,treatment
46467,treatment
46468,control
46469,treatment
46470,control
46471,treatment
46472,treatment
46473,control
46474,treatment
46475,treatment
46476,control
46478,treatment
46479,treatment
46480,treatment
46481,control
46482,control
46483,control
46484,treatment
46485,control
46486,treatment
46487,control
46488,treatment
46489,control
46490,control
46494,control
46496,treatment
46497,treatment
46498,treatment
46500,treatment
46502,control
46503,control
46504,control
46506,control
46507,control
46508,treatment
46509,treatment
46510,control
46512,control
46513,control
46515,control
46517,treatment
46518,treatment
46519,treatment
46520,control
46521,treatment
46522,treatment
46524,treatment
46525,treatment
46527,control
46529,treatment
46530,control
46531,control
46532,control
46533,control
46534,treatment
46536,treatment
46537,treatment
46538,control
46539,control
46540,control
46541,control
46542,control
46543,control
46545,treatment
46546,treatment
46547,treatment
46549,treatment
46551,treatment
46553,control
46554,control
46555,control
46556,control
46557,control
46558,control
46559,treatment
46560,treatment
46561,treatment
46566,control
46567,treatment
46568,control
46569,control
46570,control
46571,treatment
46573,control
46574,control
46575,treatment
46576,control
46578,control
46579,control
46580,treatment
46581,control
46582,treatment
46583,treatment
46584,treatment
46585,control
46587,treatment
46588,control
46591,treatment
46593,treatment
46594,control
46595,control
46596,control
46597,control
46598,treatment
46599,treatment
46600,treatment
46601,treatment
46602,control
46606,treatment
46608,treatment
46609,control
46610,treatment
46612,treatment
46615,treatment
46616,control
46617,control
46618,control
46619,control
46620,control
46621,control
46622,treatment
46623,treatment
46624,treatment
46627,control
46628,treatment
46629,treatment
46634,control
46635,treatment
46636,treatment
46638,control
46640,control
46641,treatment
46642,control
46643,control
46644,control
46645,treatment
46646,control
46651,control
46652,control
46653,treatment
46654,treatment
46655,treatment
46657,treatment
46658,control
46659,treatment
46660,treatment
46661,control
46662,control
46663,treatment
46665,treatment
46666,control
46667,control
46669,treatment
46670,treatment
46671,control
46672,control
46673,control
46674,control
46675,control
46681,treatment
46682,control
46684,control
46685,control
46686,control
46687,treatment
46689,control
46690,treatment
46691,control
46692,treatment
46693,treatment
46695,treatment
46696,treatment
46697,treatment
46698,treatment
46699,control
46700,control
46701,control
46702,control
46703,control
46706,treatment
46707,treatment
46708,control
46709,control
46710,control
46711,treatment
46714,treatment
46716,control
46717,control
46718,treatment
46719,control
46721,control
46722,control
46723,treatment
46724,treatment
46726,treatment
46727,treatment
46728,treatment
46730,treatment
46731,treatment
46734,control
46737,control
46738,control
46741,control
46742,treatment
46743,control
46744,treatment
46745,treatment
46746,control
46749,control
46750,control
46751,treatment
46752,treatment
46754,treatment
46757,treatment
46758,treatment
46759,control
46760,treatment
46762,control
46763,control
46764,control
46765,control
46766,control
46768,treatment
46769,control
46770,treatment
46771,treatment
46772,control
46773,control
46775,treatment
46776,control
46777,control
46778,control
46780,treatment
46781,control
46786,control
46788,treatment
46789,control
46791,control
46792,treatment
46793,control
46794,treatment
46797,treatment
46798,control
46799,treatment
46800,treatment
46801,control
46802,control
46804,control
46805,treatment
46806,control
46807,control
46810,control
46811,treatment
46812,control
46813,control
46815,treatment
46819,control
46821,treatment
46825,treatment
46826,treatment
46827,treatment
46828,treatment
46829,control
46830,control
46831,control
46832,treatment
46833,treatment
46834,control
46835,control
46838,control
46839,control
46841,control
46842,control
46844,treatment
46846,treatment
46847,treatment
46848,treatment
46849,treatment
46850,treatment
46851,treatment
46852,control
46853,treatment
46854,treatment
46855,control
46856,control
46858,control
46859,treatment
46860,treatment
46861,control
46863,treatment
46864,treatment
46865,treatment
46866,control
46867,treatment
46868,treatment
46869,control
46871,control
46872,control
46873,treatment
46876,treatment
46878,treatment
46880,control
46881,treatment
46882,control
46883,control
46884,treatment
46886,treatment
46887,treatment
46889,treatment
46891,control
46893,control
46894,control
46895,control
46896,treatment
46899,treatment
46901,control
46902,treatment
46903,treatment
46904,control
46905,treatment
46906,control
46907,control
46908,treatment
46909,treatment
46910,control
46911,control
46912,control
46913,treatment
46914,control
46917,control
46918,treatment
46919,treatment
46920,control
46921,control
46922,treatment
46925,control
46926,control
46927,treatment
46930,control
46931,treatment
46932,control
46933,treatment
46934,control
46935,treatment
46936,treatment
46937,control
46938,control
46939,control
46940,control
46941,treatment
46942,control
46943,treatment
46944,treatment
46945,control
46946,control
46947,treatment
46948,control
46949,treatment
46950,control
46951,control
46952,control
46953,control
46954,treatment
46955,control
46956,control
46958,control
46959,control
46960,treatment
46961,control
46962,treatment
46963,control
46964,control
46965,treatment
46966,treatment
46967,control
46968,treatment
46969,control
46971,treatment
46972,control
46973,control
46975,control
46976,control
46977,control
46978,treatment
46979,treatment
46981,treatment
46982,treatment
46984,treatment
46986,control
46989,control
46990,control
46991,treatment
46992,control
46993,treatment
46995,treatment
46996,treatment
46998,control
46999,treatment
47000,control
47002,control
47003,treatment
47004,control
47006,treatment
47007,treatment
47008,control
47009,control
47011,control
47012,control
47014,treatment
47015,control
47016,treatment
47017,control
47019,control
47021,control
47022,control
47023,control
47024,control
47025,control
47026,treatment
47027,control
47028,treatment
47029,treatment
47030,treatment
47031,control
47033,control
47034,control
47035,control
47036,control
47037,control
47038,treatment
47040,control
47041,control
47042,treatment
47043,treatment
47045,treatment
47046,treatment
47047,control
47049,treatment
47051,treatment
47052,treatment
47054,treatment
47055,control
47056,control
47057,control
47058,treatment
47059,control
47061,treatment
47062,control
47063,control
47065,treatment
47066,control
47069,control
47071,control
47072,treatment
47073,treatment
47074,control
47076,treatment
47080,treatment
47081,treatment
47083,control
47084,treatment
47085,control
47086,control
47087,control
47088,treatment
47089,control
47090,control
47093,treatment
47095,control
47096,control
47097,treatment
47098,treatment
47099,treatment
47101,treatment
47103,control
47104,treatment
47106,treatment
47107,control
47108,control
47109,treatment
47110,control
47111,control
47112,control
47114,treatment
47115,treatment
47116,treatment
47117,control
47118,control
47124,treatment
47125,control
47126,treatment
47127,control
47128,treatment
47130,treatment
47132,treatment
47133,treatment
47134,control
47135,control
47136,treatment
47137,control
47138,treatment
47139,control
47140,treatment
47142,treatment
47143,control
47144,control
47146,treatment
47147,control
47148,control
47149,treatment
47150,control
47151,treatment
47152,treatment
47153,treatment
47154,control
47155,treatment
47157,treatment
47158,control
47159,control
47160,control
47161,treatment
47162,treatment
47163,control
47165,control
47167,treatment
47168,treatment
47169,control
47170,control
47171,treatment
47172,control
47173,control
47174,treatment
47175,treatment
47176,control
47178,control
47181,treatment
47183,treatment
47184,control
47185,control
47186,treatment
47187,control
47189,treatment
47190,treatment
47191,control
47194,treatment
47195,control
47196,treatment
47199,control
47200,treatment
47201,control
47202,control
47203,control
47206,control
47209,treatment
47211,treatment
47212,treatment
47213,control
47216,treatment
47217,control
47218,treatment
47219,treatment
47220,treatment
47221,treatment
47223,control
47226,control
47227,control
47229,treatment
47230,treatment
47231,control
47232,control
47234,control
47237,treatment
47238,control
47239,control
47240,treatment
47242,control
47243,control
47245,control
47246,treatment
47247,treatment
47248,treatment
47249,control
47250,treatment
47251,treatment
47252,control
47253,control
47254,treatment
47255,treatment
47256,control
47257,treatment
47258,treatment
47260,control
47261,treatment
47264,treatment
47265,control
47267,control
47268,control
47269,treatment
47271,treatment
47272,treatment
47273,treatment
47275,treatment
47277,control
47278,treatment
47279,treatment
47280,treatment
47282,control
47285,control
47286,control
47287,treatment
47288,control
47290,treatment
47294,control
47295,control
47296,treatment
47298,treatment
47299,control
47300,treatment
47303,treatment
47304,treatment
47305,control
47307,treatment
47309,treatment
47310,treatment
47312,control
47313,treatment
47314,control
47315,control
47316,control
47317,treatment
47318,treatment
47319,treatment
47320,treatment
47322,treatment
47324,treatment
47325,treatment
47326,treatment
47327,treatment
47328,treatment
47329,control
47330,treatment
47331,treatment
47332,treatment
47333,control
47334,treatment
47335,control
47336,control
47337,treatment
47338,treatment
47341,treatment
47342,control
47344,control
47345,control
47346,treatment
47348,control
47349,treatment
47350,treatment
47351,control
47353,treatment
47354,control
47356,control
47357,treatment
47358,treatment
47359,treatment
47363,treatment
47364,treatment
47365,treatment
47366,control
47368,treatment
47369,control
47370,control
47371,control
47375,treatment
47376,control
47377,treatment
47379,control
47380,treatment
47383,control
47385,treatment
47386,control
47387,treatment
47388,treatment
47389,treatment
47391,control
47392,control
47393,treatment
47394,treatment
47397,control
47398,treatment
47399,control
47400,treatment
47401,treatment
47402,treatment
47403,treatment
47405,control
47408,control
47409,treatment
47410,control
47411,control
47413,treatment
47415,control
47416,control
47417,treatment
47418,treatment
47419,control
47420,treatment
47421,control
47422,treatment
47423,treatment
47424,treatment
47425,treatment
47426,treatment
47427,control
47429,control
47430,treatment
47431,treatment
47432,treatment
47433,control
47434,treatment
47435,treatment
47436,control
47437,treatment
47438,control
47440,treatment
47441,control
47442,treatment
47443,treatment
47444,control
47447,control
47448,treatment
47449,treatment
47450,control
47452,control
47453,treatment
47454,control
47455,control
47457,control
47458,control
47459,control
47460,treatment
47461,control
47464,treatment
47466,treatment
47467,control
47469,control
47470,control
47471,treatment
47473,control
47474,control
47475,treatment
47476,control
47477,treatment
47478,control
47480,control
47481,control
47484,treatment
47485,control
47486,control
47487,treatment
47492,control
47493,control
47494,control
47495,treatment
47496,control
47497,treatment
47498,treatment
47500,control
47503,treatment
47504,treatment
47505,treatment
47506,control
47507,treatment
47508,control
47509,treatment
47510,control
47512,treatment
47514,treatment
47515,control
47516,treatment
47517,treatment
47519,control
47521,treatment
47522,treatment
47523,treatment
47525,treatment
47526,control
47529,treatment
47531,treatment
47532,treatment
47535,control
47537,treatment
47538,control
47539,treatment
47540,treatment
47541,treatment
47542,control
47543,treatment
47544,control
47547,control
47548,treatment
47550,control
47551,control
47554,control
47555,control
47556,treatment
47557,treatment
47558,treatment
47559,treatment
47560,control
47562,treatment
47564,treatment
47565,treatment
47566,treatment
47567,control
47568,control
47569,control
47570,control
47572,control
47573,treatment
47575,treatment
47576,control
47577,control
47579,treatment
47580,treatment
47582,control
47583,treatment
47584,treatment
47587,control
47589,control
47590,treatment
47592,control
47593,treatment
47594,treatment
47596,treatment
47597,treatment
47599,treatment
47601,control
47602,treatment
47603,treatment
47604,control
47605,treatment
47606,control
47607,control
47608,treatment
47609,treatment
47610,treatment
47611,control
47612,treatment
47614,control
47615,control
47616,control
47617,treatment
47619,treatment
47620,treatment
47621,treatment
47622,control
47623,control
47624,control
47625,control
47627,control
47628,control
47629,control
47630,treatment
47631,treatment
47634,treatment
47636,control
47637,control
47638,control
47640,control
47641,treatment
47643,control
47645,control
47647,control
47648,control
47652,treatment
47653,treatment
47657,treatment
47658,control
47659,control
47660,control
47662,control
47663,treatment
47664,treatment
47665,treatment
47667,control
47668,control
47671,control
47672,control
47673,treatment
47674,treatment
47675,control
47676,treatment
47677,treatment
47678,control
47680,treatment
47681,control
47682,treatment
47683,control
47684,control
47685,control
47686,treatment
47688,control
47690,control
47691,treatment
47692,treatment
47693,control
47694,treatment
47695,treatment
47696,control
47697,treatment
47698,control
47699,treatment
47700,control
47701,treatment
47702,treatment
47703,treatment
47704,control
47705,treatment
47706,treatment
47707,treatment
47708,control
47709,treatment
47710,treatment
47711,treatment
47712,control
47713,control
47714,control
47715,control
47716,control
47717,treatment
47718,treatment
47719,control
47721,treatment
47722,treatment
47723,treatment
47724,treatment
47725,control
47727,control
47729,treatment
47730,control
47731,treatment
47733,control
47734,control
47735,treatment
47736,control
47738,treatment
47739,treatment
47740,treatment
47741,treatment
47742,control
47744,treatment
47745,treatment
47746,control
47747,treatment
47748,control
47749,treatment
47750,treatment
47751,treatment
47752,treatment
47753,treatment
47755,treatment
47757,control
47758,treatment
47759,control
47760,control
47761,treatment
47762,treatment
47763,control
47764,control
47766,treatment
47767,treatment
47768,control
47769,treatment
47770,treatment
47771,treatment
47772,control
47774,treatment
47775,treatment
47778,treatment
47779,control
47780,treatment
47782,treatment
47783,treatment
47784,control
47785,control
47786,control
47787,treatment
47788,treatment
47789,control
47790,control
47791,treatment
47792,control
47793,control
47794,treatment
47795,control
47798,treatment
47801,treatment
47802,control
47803,treatment
47805,treatment
47806,control
47808,treatment
47809,control
47810,treatment
47811,control
47813,control
47814,treatment
47816,control
47817,control
47819,control
47820,treatment
47822,treatment
47823,treatment
47824,treatment
47827,treatment
47828,control
47829,treatment
47830,treatment
47831,treatment
47832,treatment
47833,control
47834,control
47835,treatment
47838,control
47839,control
47840,control
47841,treatment
47842,treatment
47844,treatment
47845,treatment
47846,control
47847,control
47848,treatment
47851,treatment
47852,control
47853,control
47854,control
47855,treatment
47856,control
47857,control
47858,treatment
47859,control
47860,control
47861,control
47862,control
47863,treatment
47864,treatment
47865,control
47866,treatment
47867,control
47868,treatment
47869,treatment
47871,control
47872,control
47873,treatment
47874,control
47875,treatment
47876,control
47877,control
47878,treatment
47879,treatment
47880,treatment
47881,control
47882,control
47883,treatment
47884,treatment
47885,treatment
47886,treatment
47887,control
47888,treatment
47889,treatment
47890,treatment
47891,control
47893,treatment
47894,treatment
47895,control
47896,control
47897,treatment
47898,treatment
47900,control
47901,treatment
47902,treatment
47903,control
47904,control
47905,treatment
47907,control
47908,treatment
47910,control
47911,control
47913,control
47914,control
47915,control
47916,control
47917,treatment
47918,treatment
47919,treatment
47921,control
47922,control
47923,control
47925,control
47926,treatment
47927,treatment
47928,treatment
47929,control
47930,treatment
47931,control
47932,control
47933,control
47934,control
47936,control
47937,control
47938,treatment
47939,control
47940,control
47941,control
47942,control
47943,treatment
47944,control
47945,treatment
47946,treatment
47947,treatment
47949,control
47950,treatment
47951,treatment
47953,treatment
47954,treatment
47955,control
47956,treatment
47957,treatment
47958,treatment
47959,treatment
47960,treatment
47961,treatment
47962,control
47963,control
47965,treatment
47966,treatment
47967,control
47968,control
47969,control
47970,control
47971,control
47972,control
47973,control
47974,treatment
47975,treatment
47976,control
47977,control
47978,treatment
47980,control
47982,control
47983,control
47984,control
47986,treatment
47988,treatment
47990,treatment
47991,treatment
47992,treatment
47993,control
47994,control
47995,control
47996,treatment
47997,control
47998,treatment
47999,control
48000,control
48001,treatment
48002,control
48003,control
48004,treatment
48005,treatment
48006,control
48008,treatment
48010,control
48011,treatment
48012,treatment
48013,control
48014,control
48015,treatment
48016,control
48017,control
48019,control
48021,treatment
48024,control
48025,treatment
48026,treatment
48028,treatment
48030,control
48031,control
48032,control
48033,control
48038,treatment
48039,control
48040,treatment
48041,control
48043,treatment
48044,treatment
48046,control
48047,treatment
48048,treatment
48049,treatment
48050,treatment
48051,treatment
48052,control
48054,treatment
48055,treatment
48056,control
48057,control
48060,control
48061,treatment
48062,control
48064,control
48065,control
48066,control
48067,treatment
48068,treatment
48070,control
48071,treatment
48074,control
48078,control
48079,treatment
48080,control
48082,control
48083,control
48084,treatment
48085,control
48086,control
48088,control
48089,treatment
48090,control
48093,control
48097,treatment
48098,control
48100,treatment
48101,treatment
48102,treatment
48103,treatment
48104,treatment
48105,treatment
48106,treatment
48107,treatment
48108,treatment
48109,control
48111,treatment
48112,control
48115,control
48116,control
48117,control
48118,control
48121,treatment
48122,control
48124,control
48125,treatment
48126,control
48127,control
48128,treatment
48129,treatment
48130,control
48131,control
48132,treatment
48133,treatment
48134,control
48135,control
48136,control
48137,control
48138,control
48139,control
48141,control
48142,control
48143,control
48144,control
48145,control
48146,control
48147,control
48148,treatment
48149,control
48151,control
48152,control
48154,control
48155,control
48156,control
48158,control
48159,treatment
48161,treatment
48162,control
48163,control
48165,control
48167,control
48170,control
48171,treatment
48172,control
48173,control
48174,control
48176,treatment
48177,control
48179,control
48180,control
48181,treatment
48183,treatment
48185,control
48186,control
48187,treatment
48188,control
48189,treatment
48191,treatment
48192,treatment
48193,treatment
48194,control
48196,control
48197,treatment
48198,treatment
48199,treatment
48200,treatment
48201,treatment
48202,control
48204,control
48205,treatment
48206,control
48207,treatment
48208,control
48209,treatment
48210,control
48211,treatment
48212,control
48215,treatment
48216,control
48218,treatment
48219,treatment
48220,treatment
48221,treatment
48225,control
48226,control
48227,treatment
48228,control
48229,control
48230,treatment
48231,control
48232,control
48233,control
48234,treatment
48235,control
48236,treatment
48237,treatment
48238,control
48239,control
48240,treatment
48241,treatment
48243,control
48244,control
48245,control
48247,control
48249,treatment
48252,treatment
48253,control
48254,control
48255,control
48256,treatment
48257,treatment
48258,control
48260,treatment
48261,control
48263,treatment
48264,control
48266,treatment
48267,control
48270,treatment
48272,treatment
48274,control
48275,control
48276,treatment
48278,control
48280,treatment
48281,control
48283,control
48284,treatment
48285,control
48286,control
48287,control
48288,treatment
48289,control
48290,control
48292,control
48293,control
48294,treatment
48296,treatment
48297,control
48298,treatment
48299,control
48301,control
48302,control
48303,control
48304,control
48306,treatment
48307,treatment
48308,control
48309,control
48310,treatment
48311,treatment
48313,control
48314,control
48315,control
48316,control
48317,treatment
48318,control
48319,control
48320,treatment
48322,control
48323,control
48324,control
48326,control
48328,treatment
48331,treatment
48332,treatment
48334,control
48336,control
48338,treatment
48339,control
48340,control
48341,treatment
48344,control
48345,treatment
48346,treatment
48347,control
48348,control
48349,treatment
48350,control
48351,control
48352,control
48353,control
48355,treatment
48356,control
48357,control
48358,control
48359,control
48360,control
48361,control
48362,control
48363,control
48364,control
48365,treatment
48366,control
48367,treatment
48370,treatment
48372,control
48373,control
48375,treatment
48376,treatment
48377,control
48378,control
48379,treatment
48380,control
48381,treatment
48382,treatment
48383,control
48384,control
48385,treatment
48386,control
48388,control
48389,control
48390,treatment
48392,control
48394,control
48395,treatment
48400,control
48401,control
48402,control
48403,treatment
48404,control
48406,control
48407,treatment
48408,control
48409,treatment
48410,treatment
48411,treatment
48412,treatment
48413,treatment
48415,treatment
48416,control
48417,control
48418,treatment
48419,control
48420,control
48421,control
48422,control
48423,control
48424,control
48425,control
48427,control
48428,treatment
48429,treatment
48430,control
48433,treatment
48434,treatment
48435,treatment
48437,treatment
48438,treatment
48441,treatment
48443,treatment
48444,treatment
48445,control
48446,control
48447,treatment
48451,treatment
48452,control
48454,treatment
48455,control
48456,treatment
48457,control
48460,control
48461,treatment
48464,treatment
48465,control
48466,control
48467,control
48468,control
48469,control
48470,treatment
48472,control
48473,control
48476,treatment
48478,treatment
48480,control
48481,treatment
48482,treatment
48483,treatment
48484,control
48486,control
48487,control
48488,control
48489,treatment
48490,control
48491,control
48493,control
48495,treatment
48496,treatment
48498,control
48499,treatment
48500,control
48502,control
48504,treatment
48505,treatment
48506,treatment
48507,control
48509,control
48510,treatment
48513,control
48515,treatment
48516,control
48517,treatment
48520,treatment
48522,control
48524,treatment
48526,treatment
48528,treatment
48530,treatment
48531,control
48532,control
48534,control
48537,control
48538,treatment
48542,treatment
48543,treatment
48545,treatment
48547,treatment
48548,control
48549,control
48550,control
48551,control
48552,treatment
48553,control
48554,treatment
48555,control
48557,control
48560,treatment
48562,control
48563,control
48564,control
48565,treatment
48566,control
48567,treatment
48568,treatment
48570,treatment
48571,treatment
48572,control
48574,treatment
48576,control
48579,control
48580,control
48583,control
48584,control
48585,control
48586,treatment
48587,treatment
48589,treatment
48590,control
48591,treatment
48593,control
48594,control
48595,control
48597,control
48598,control
48601,control
48602,control
48606,treatment
48607,control
48608,treatment
48609,control
48610,treatment
48612,treatment
48613,treatment
48614,treatment
48616,control
48617,treatment
48618,treatment
48619,treatment
48621,control
48622,control
48625,control
48628,treatment
48629,treatment
48630,control
48631,control
48632,treatment
48633,treatment
48634,control
48635,treatment
48636,control
48637,treatment
48638,treatment
48640,treatment
48641,control
48644,control
48645,control
48646,control
48647,treatment
48648,treatment
48650,control
48651,control
48653,control
48654,treatment
48655,treatment
48656,control
48657,treatment
48658,treatment
48659,control
48660,treatment
48661,control
48663,treatment
48666,control
48668,control
48669,treatment
48670,treatment
48675,treatment
48676,control
48677,control
48678,treatment
48679,treatment
48680,control
48681,control
48682,control
48683,treatment
48684,treatment
48686,treatment
48687,control
48688,control
48689,treatment
48691,control
48693,treatment
48694,control
48695,treatment
48696,treatment
48697,control
48698,treatment
48699,treatment
48700,treatment
48701,treatment
48702,treatment
48703,treatment
48704,control
48705,control
48706,control
48707,control
48708,treatment
48710,control
48711,treatment
48712,control
48713,treatment
48714,treatment
48716,treatment
48717,treatment
48718,control
48719,treatment
48720,control
48722,treatment
48724,control
48725,treatment
48727,treatment
48728,control
48729,treatment
48730,treatment
48731,treatment
48732,control
48733,control
48734,control
48738,control
48739,treatment
48740,treatment
48741,treatment
48742,control
48743,control
48744,control
48746,control
48747,treatment
48749,control
48750,treatment
48751,treatment
48752,treatment
48753,control
48754,treatment
48755,control
48757,control
48759,treatment
48760,control
48761,control
48763,treatment
48766,control
48769,treatment
48770,treatment
48771,control
48773,control
48775,treatment
48779,control
48780,control
48781,control
48783,control
48785,control
48786,control
48788,treatment
48791,treatment
48792,treatment
48793,treatment
48794,treatment
48795,treatment
48798,control
48801,control
48802,control
48803,control
48804,treatment
48805,control
48807,treatment
48808,control
48809,treatment
48810,treatment
48811,control
48812,treatment
48813,treatment
48814,treatment
48816,treatment
48817,control
48819,treatment
48820,control
48821,treatment
48822,control
48824,control
48825,control
48826,control
48827,control
48829,control
48830,treatment
48832,control
48833,treatment
48836,treatment
48837,control
48838,control
48839,control
48840,treatment
48842,treatment
48844,control
48845,control
48847,control
48848,control
48849,treatment
48850,treatment
48851,control
48852,treatment
48854,treatment
48855,control
48856,control
48858,treatment
48859,treatment
48860,treatment
48861,control
48862,control
48863,control
48864,control
48865,control
48867,treatment
48868,control
48869,treatment
48870,treatment
48871,treatment
48872,treatment
48873,control
48874,control
48876,control
48877,treatment
48878,control
48879,control
48880,treatment
48881,control
48882,control
48883,treatment
48884,control
48886,control
48887,control
48888,control
48890,control
48891,treatment
48892,treatment
48893,treatment
48894,control
48895,control
48896,treatment
48899,control
48901,control
48902,treatment
48903,control
48904,control
48906,control
48907,treatment
